{
  "optimal_threshold": 0.006235659384264736,
  "best_f1": 0.8590604026845637
}