{
  "optimal_threshold": 0.022629465173550453,
  "best_f1": 0.9180327868852459
}