{
  "optimal_threshold": 0.042558738776205085,
  "best_f1": 0.8704663212435233
}