{
  "optimal_threshold": 0.03418403493796393,
  "best_f1": 0.9540229885057471
}