{
  "optimal_threshold": 0.028148811587273198,
  "best_f1": 0.9767441860465116
}